{
   "THB_ABT":{
      "id":22,
      "last":3.95,
      "lowestAsk":3.95,
      "highestBid":3.89,
      "percentChange":-3.66,
      "baseVolume":644666.99888074,
      "quoteVolume":2602834.95,
      "isFrozen":0,
      "high24hr":4.15,
      "low24hr":3.85,
      "change":-0.15,
      "prevClose":3.95,
      "prevOpen":4.1
   },
   "THB_ADA":{
      "id":4,
      "last":34.74,
      "lowestAsk":34.75,
      "highestBid":34.74,
      "percentChange":-5.85,
      "baseVolume":8234860.79929614,
      "quoteVolume":286538632.7,
      "isFrozen":0,
      "high24hr":36.9,
      "low24hr":32.47,
      "change":-2.16,
      "prevClose":34.74,
      "prevOpen":36.9
   },
   "THB_BAND":{
      "id":65,
      "last":385.39,
      "lowestAsk":385.32,
      "highestBid":383.71,
      "percentChange":-4.35,
      "baseVolume":43228.87694657,
      "quoteVolume":17007411.57,
      "isFrozen":0,
      "high24hr":409.99,
      "low24hr":380,
      "change":-17.51,
      "prevClose":385.39,
      "prevOpen":402.9
   },
   "THB_BAT":{
      "id":49,
      "last":20.74,
      "lowestAsk":20.74,
      "highestBid":20.64,
      "percentChange":-9.63,
      "baseVolume":564195.30134931,
      "quoteVolume":11968146.46,
      "isFrozen":0,
      "high24hr":22.95,
      "low24hr":20,
      "change":-2.21,
      "prevClose":20.74,
      "prevOpen":22.95
   },
   "THB_BCH":{
      "id":6,
      "last":15083.99,
      "lowestAsk":15082.98,
      "highestBid":14964,
      "percentChange":-5.61,
      "baseVolume":729.19949215,
      "quoteVolume":11348582.6,
      "isFrozen":0,
      "high24hr":16100,
      "low24hr":14800,
      "change":-896.01,
      "prevClose":15083.99,
      "prevOpen":15980
   },
   "THB_BNB":{
      "id":33,
      "last":6900.01,
      "lowestAsk":6937.79,
      "highestBid":6900.03,
      "percentChange":-7.38,
      "baseVolume":27298.47480648,
      "quoteVolume":193537410.61,
      "isFrozen":0,
      "high24hr":7450,
      "low24hr":6760,
      "change":-549.95,
      "prevClose":6900.01,
      "prevOpen":7449.96
   },
   "THB_BSV":{
      "id":11,
      "last":5545.72,
      "lowestAsk":5583.08,
      "highestBid":5546.77,
      "percentChange":-2.98,
      "baseVolume":519.54405961,
      "quoteVolume":2933358.94,
      "isFrozen":0,
      "high24hr":5800,
      "low24hr":5519.77,
      "change":-170.56,
      "prevClose":5545.72,
      "prevOpen":5716.28
   },
   "THB_BTC":{
      "id":1,
      "last":1467998.09,
      "lowestAsk":1467998.08,
      "highestBid":1465100,
      "percentChange":-3.74,
      "baseVolume":385.64292608,
      "quoteVolume":573498768.11,
      "isFrozen":0,
      "high24hr":1555000,
      "low24hr":1450000,
      "change":-57001.91,
      "prevClose":1467998.09,
      "prevOpen":1525000
   },
   "THB_CVC":{
      "id":14,
      "last":11.4,
      "lowestAsk":11.46,
      "highestBid":11.41,
      "percentChange":-3.14,
      "baseVolume":581706.59026118,
      "quoteVolume":6794236.55,
      "isFrozen":0,
      "high24hr":12.25,
      "low24hr":11.19,
      "change":-0.37,
      "prevClose":11.4,
      "prevOpen":11.77
   },
   "THB_DAI":{
      "id":39,
      "last":31.17,
      "lowestAsk":31.18,
      "highestBid":30.91,
      "percentChange":0.81,
      "baseVolume":12641.30849953,
      "quoteVolume":392360.98,
      "isFrozen":0,
      "high24hr":31.64,
      "low24hr":30.91,
      "change":0.25,
      "prevClose":31.17,
      "prevOpen":30.92
   },
   "THB_DOGE":{
      "id":35,
      "last":1.5381,
      "lowestAsk":1.538,
      "highestBid":1.5281,
      "percentChange":-0.51,
      "baseVolume":26595580.1038631,
      "quoteVolume":40928723.7,
      "isFrozen":0,
      "high24hr":1.585,
      "low24hr":1.4815,
      "change":-0.0079,
      "prevClose":1.5381,
      "prevOpen":1.546
   },
   "THB_DOT":{
      "id":68,
      "last":1020,
      "lowestAsk":1026.8,
      "highestBid":1020,
      "percentChange":-9.01,
      "baseVolume":73329.49499865,
      "quoteVolume":78268668.78,
      "isFrozen":0,
      "high24hr":1129.99,
      "low24hr":1001,
      "change":-101,
      "prevClose":1020,
      "prevOpen":1121
   },
   "THB_ETH":{
      "id":2,
      "last":45881.09,
      "lowestAsk":45880.97,
      "highestBid":45720.33,
      "percentChange":-4.42,
      "baseVolume":3523.60454562,
      "quoteVolume":164940006.8,
      "isFrozen":0,
      "high24hr":49199,
      "low24hr":45000,
      "change":-2119.91,
      "prevClose":45881.09,
      "prevOpen":48001
   },
   "THB_EVX":{
      "id":32,
      "last":15.8,
      "lowestAsk":16,
      "highestBid":15.85,
      "percentChange":-1.37,
      "baseVolume":118991.09304376,
      "quoteVolume":1943747.07,
      "isFrozen":0,
      "high24hr":17.06,
      "low24hr":15.6,
      "change":-0.22,
      "prevClose":15.8,
      "prevOpen":16.02
   },
   "THB_GLM":{
      "id":71,
      "last":10.76,
      "lowestAsk":10.84,
      "highestBid":10.75,
      "percentChange":-3.15,
      "baseVolume":1201402.94510188,
      "quoteVolume":13143534.98,
      "isFrozen":0,
      "high24hr":11.3,
      "low24hr":10.46,
      "change":-0.35,
      "prevClose":10.76,
      "prevOpen":11.11
   },
   "THB_INF":{
      "id":27,
      "last":1.02,
      "lowestAsk":1.03,
      "highestBid":1.02,
      "percentChange":-2.86,
      "baseVolume":2350170.0839608,
      "quoteVolume":2441715.19,
      "isFrozen":0,
      "high24hr":1.06,
      "low24hr":1.01,
      "change":-0.03,
      "prevClose":1.02,
      "prevOpen":1.05
   },
   "THB_IOST":{
      "id":17,
      "last":1.48,
      "lowestAsk":1.48,
      "highestBid":1.47,
      "percentChange":3.5,
      "baseVolume":193370031.19435892,
      "quoteVolume":274953229.37,
      "isFrozen":0,
      "high24hr":1.54,
      "low24hr":1.28,
      "change":0.05,
      "prevClose":1.48,
      "prevOpen":1.43
   },
   "THB_JFIN":{
      "id":31,
      "last":4.83,
      "lowestAsk":4.84,
      "highestBid":4.75,
      "percentChange":-8.7,
      "baseVolume":1251093.55623702,
      "quoteVolume":6304557.81,
      "isFrozen":0,
      "high24hr":5.55,
      "low24hr":4.68,
      "change":-0.46,
      "prevClose":4.83,
      "prevOpen":5.29
   },
   "THB_KNC":{
      "id":19,
      "last":66.68,
      "lowestAsk":66.71,
      "highestBid":66.22,
      "percentChange":17.21,
      "baseVolume":188723.39300967,
      "quoteVolume":12188004.36,
      "isFrozen":0,
      "high24hr":70,
      "low24hr":56.38,
      "change":9.79,
      "prevClose":66.68,
      "prevOpen":56.89
   },
   "THB_KSM":{
      "id":67,
      "last":6918.34,
      "lowestAsk":6918.28,
      "highestBid":6866.01,
      "percentChange":-8.71,
      "baseVolume":1795.29969319,
      "quoteVolume":12695822.17,
      "isFrozen":0,
      "high24hr":7652.85,
      "low24hr":6631,
      "change":-660.24,
      "prevClose":6918.34,
      "prevOpen":7578.58
   },
   "THB_LINK":{
      "id":15,
      "last":822,
      "lowestAsk":822,
      "highestBid":821.04,
      "percentChange":-8.7,
      "baseVolume":40877.63597666,
      "quoteVolume":34654294.17,
      "isFrozen":0,
      "high24hr":916.8,
      "low24hr":803,
      "change":-78.34,
      "prevClose":822,
      "prevOpen":900.34
   },
   "THB_LTC":{
      "id":9,
      "last":5399.97,
      "lowestAsk":5400,
      "highestBid":5376.75,
      "percentChange":-5.59,
      "baseVolume":2740.04222928,
      "quoteVolume":15153024.67,
      "isFrozen":0,
      "high24hr":5800,
      "low24hr":5300,
      "change":-320.03,
      "prevClose":5399.97,
      "prevOpen":5720
   },
   "THB_MANA":{
      "id":24,
      "last":11.74,
      "lowestAsk":11.74,
      "highestBid":11.71,
      "percentChange":2.98,
      "baseVolume":3868970.54951164,
      "quoteVolume":48021565.85,
      "isFrozen":0,
      "high24hr":13.65,
      "low24hr":11.13,
      "change":0.34,
      "prevClose":11.74,
      "prevOpen":11.4
   },
   "THB_NEAR":{
      "id":69,
      "last":130.8,
      "lowestAsk":130.8,
      "highestBid":130.52,